{
  "overall_diversity": 2311.292428731096,
  "num_initials": 100,
  "trajs_per_initial": 20,
  "success_radius_m": 30.0,
  "step_size_m": "resampled to 2*sqrt(2) arc-length intervals before DTW",
  "dtw_method": "full DTW with Euclidean distance on resampled (x, y) coordinates",
  "per_initial_dtw": {
    "initial_0": 2756.027369188543,
    "initial_1": 2485.098459248989,
    "initial_2": 2179.7093342576986,
    "initial_3": 2795.9354791605942,
    "initial_4": 956.5733707024457,
    "initial_5": 1178.4441197658252,
    "initial_6": 3077.547132006596,
    "initial_7": 2515.103262657755,
    "initial_8": 225.4725567003673,
    "initial_9": 515.0484699812197,
    "initial_10": 1124.837125518822,
    "initial_11": 228.57640401215372,
    "initial_12": 2828.314920852304,
    "initial_13": 293.2487568496673,
    "initial_14": 872.9880884131786,
    "initial_15": 1168.4079733723331,
    "initial_16": 1056.297321793755,
    "initial_17": 2015.615436853529,
    "initial_18": 358.75964884140785,
    "initial_19": 12977.32081993061,
    "initial_20": 4286.477651085003,
    "initial_21": 4743.467921239535,
    "initial_22": 2356.9257834139753,
    "initial_23": 2297.1426139087953,
    "initial_24": 192.93275612691113,
    "initial_25": 3695.3149884296495,
    "initial_26": 728.6719034497194,
    "initial_27": 704.3078330666452,
    "initial_28": 888.4301381483717,
    "initial_29": 2491.064670899567,
    "initial_30": 9281.24125631756,
    "initial_31": 385.79130214212216,
    "initial_32": 248.1224069982538,
    "initial_33": 418.79925718994593,
    "initial_34": 401.7408493984115,
    "initial_35": 2705.502412797446,
    "initial_36": 327.7217702253766,
    "initial_37": 857.345702296143,
    "initial_38": 1040.5263388067901,
    "initial_39": 11816.988579499677,
    "initial_40": 448.84518771815897,
    "initial_41": 1183.3600985324713,
    "initial_42": 4632.182173892648,
    "initial_43": 8994.587545730332,
    "initial_44": 336.2088016238077,
    "initial_45": 910.9346443640143,
    "initial_46": 1114.8620489887433,
    "initial_47": 4367.124000185644,
    "initial_48": 564.5765801613522,
    "initial_49": 921.8166257921044,
    "initial_50": 1020.9677336557846,
    "initial_51": 1544.7942950354686,
    "initial_52": 8974.886987009373,
    "initial_53": 3857.6811450036216,
    "initial_54": 7424.39525570542,
    "initial_55": 6859.870553126926,
    "initial_56": 576.838599778056,
    "initial_57": 2199.84911998592,
    "initial_58": 426.98510389321353,
    "initial_59": 3467.267379940958,
    "initial_60": 2666.2427695385486,
    "initial_61": 4376.9295869222815,
    "initial_62": 6322.453189507459,
    "initial_63": 572.0093909224836,
    "initial_64": 3036.1987511225843,
    "initial_65": 2743.13078744715,
    "initial_66": 3881.67458876252,
    "initial_67": 838.5802121512226,
    "initial_68": 492.5199114810894,
    "initial_69": 6767.28881292491,
    "initial_70": 4003.2925379664666,
    "initial_71": 232.8418677527862,
    "initial_72": 2263.0992235279164,
    "initial_73": 219.8064629314119,
    "initial_74": 251.74502463579935,
    "initial_75": 572.1085072427434,
    "initial_76": 332.16725432945043,
    "initial_77": 490.6990153749035,
    "initial_78": 204.18907799168994,
    "initial_79": 1877.4595697283187,
    "initial_80": 2071.8739930191346,
    "initial_81": 326.3292681600313,
    "initial_82": 2149.7653332704267,
    "initial_83": 179.60717918692535,
    "initial_84": 2539.067213450744,
    "initial_85": 882.440908075144,
    "initial_86": 378.28201130980466,
    "initial_87": 3447.380666861955,
    "initial_88": 4361.497931780774,
    "initial_89": 1961.523583831634,
    "initial_90": 230.68866007962941,
    "initial_91": 2308.4930333496177,
    "initial_92": 3355.15413256237,
    "initial_93": 300.80349814428354,
    "initial_94": 1695.2785357178495,
    "initial_95": 5878.812082376214,
    "initial_96": 4088.868162728522,
    "initial_97": 425.67072771627835,
    "initial_98": 570.7353539032739,
    "initial_99": 526.6579896515818
  },
  "seed": 42
}